-- phpMyAdmin SQL Dump
-- version 5.1.3
-- https://www.phpmyadmin.net/
--
-- Host: localhost:3306
-- Generation Time: Mar 27, 2022 at 07:26 AM
-- Server version: 5.7.33
-- PHP Version: 7.4.19

SET SQL_MODE = "NO_AUTO_VALUE_ON_ZERO";
START TRANSACTION;
SET time_zone = "+00:00";


/*!40101 SET @OLD_CHARACTER_SET_CLIENT=@@CHARACTER_SET_CLIENT */;
/*!40101 SET @OLD_CHARACTER_SET_RESULTS=@@CHARACTER_SET_RESULTS */;
/*!40101 SET @OLD_COLLATION_CONNECTION=@@COLLATION_CONNECTION */;
/*!40101 SET NAMES utf8mb4 */;

--
-- Database: `blogia_17`
--

-- --------------------------------------------------------

--
-- Table structure for table `admin`
--

CREATE TABLE `admin` (
  `id` int(11) NOT NULL,
  `name` varchar(255) COLLATE utf8_unicode_ci NOT NULL,
  `email` varchar(255) COLLATE utf8_unicode_ci NOT NULL,
  `password` varchar(255) COLLATE utf8_unicode_ci NOT NULL,
  `status` tinyint(1) NOT NULL DEFAULT '0'
) ENGINE=InnoDB DEFAULT CHARSET=utf8 COLLATE=utf8_unicode_ci;

--
-- Dumping data for table `admin`
--

INSERT INTO `admin` (`id`, `name`, `email`, `password`, `status`) VALUES
(1, 'Hafizur', 'admin@mail.com', '$2y$10$EgJNLPJAhpbvcIh9DeBQke4q8DuZCe9SpqkiUAGkhPu3GhTDqIocu', 1);

-- --------------------------------------------------------

--
-- Table structure for table `category`
--

CREATE TABLE `category` (
  `id` int(11) NOT NULL,
  `name` varchar(255) COLLATE utf8_unicode_ci NOT NULL,
  `slug` varchar(255) COLLATE utf8_unicode_ci NOT NULL
) ENGINE=InnoDB DEFAULT CHARSET=utf8 COLLATE=utf8_unicode_ci;

--
-- Dumping data for table `category`
--

INSERT INTO `category` (`id`, `name`, `slug`) VALUES
(4, 'সর্বশেষ', 'সর্বশেষ'),
(5, 'বিশেষ সংবাদ', 'বিশেষ-সংবাদ'),
(6, 'রাজনীতি', 'রাজনীতি'),
(8, 'করোনাভাইরাস', 'করোনাভাইরাস'),
(9, 'বাংলাদেশ', 'বাংলাদেশ'),
(10, 'বিশ্ব', 'বিশ্ব'),
(11, 'বাণিজ্য', 'বাণিজ্য'),
(12, 'খেলা', 'খেলা'),
(13, 'বিনোদন', 'বিনোদন'),
(14, 'চাকরি', 'চাকরি'),
(15, 'লাইফস্টাইল', 'লাইফস্টাইল');

-- --------------------------------------------------------

--
-- Table structure for table `posts`
--

CREATE TABLE `posts` (
  `id` int(11) NOT NULL,
  `admin_id` int(11) NOT NULL,
  `category_id` int(11) NOT NULL,
  `title` text COLLATE utf8_unicode_ci NOT NULL,
  `slug` varchar(255) COLLATE utf8_unicode_ci NOT NULL,
  `description` longtext COLLATE utf8_unicode_ci NOT NULL,
  `image` varchar(255) COLLATE utf8_unicode_ci NOT NULL,
  `status` tinyint(1) DEFAULT '0',
  `created_at` timestamp NULL DEFAULT NULL,
  `updated_at` timestamp NULL DEFAULT NULL
) ENGINE=InnoDB DEFAULT CHARSET=utf8 COLLATE=utf8_unicode_ci;

--
-- Dumping data for table `posts`
--

INSERT INTO `posts` (`id`, `admin_id`, `category_id`, `title`, `slug`, `description`, `image`, `status`, `created_at`, `updated_at`) VALUES
(1, 1, 9, 'বায়ুদূষণ নিয়ন্ত্রণে আমাদের সুনির্দিষ্ট কোনো লক্ষ্য নেই', 'বায়ুদূষণ-নিয়ন্ত্রণে-আমাদের-সুনির্দিষ্ট-কোনো-লক্ষ্য-নেই', '&lt;div&gt;ঢাকা বিশ্ববিদ্যালয়ের রসায়ন বিভাগের অধ্যাপক মো. আবদুস সালাম বায়ুদূষণ নিয়ে দীর্ঘদিন ধরে গবেষণার কাজ করছেন। বিশ্বের সবচেয়ে দূষিত বায়ুর দেশের তালিকায় শীর্ষ স্থানে বাংলাদেশের উঠে আসার বিষয়ে দূষণের কারণ ও এর প্রভাব নিয়ে প্রথম আলোর সঙ্গে কথা বলেছেন। সাক্ষাৎকার নিয়েছেন পার্থ শঙ্কর সাহা।&lt;/div&gt;&lt;div&gt;প্রথম আলো: বিশ্বের সবচেয়ে দূষিত বায়ুর দেশের তালিকায় শীর্ষ স্থানে উঠে এসেছে বাংলাদেশের নাম। এর আগের বছরও বাংলাদেশ শীর্ষে ছিল। বারবার এই ঘটনা কেন ঘটছে?&lt;/div&gt;&lt;div&gt;অধ্যাপক আবদুস সালাম: কয়েক বছর ধরেই বিশ্বের সবচেয়ে দূষিত দেশের তালিকায় প্রথম দিকে বাংলাদেশের নাম থাকছে। আর রাজধানী ঢাকা থাকছে শীর্ষ দূষিত নগরীর তালিকায়। এটা খুব দুঃখজনক একটি বিষয়। এখানে বায়ুর মান খারাপের ফলে জনস্বাস্থ্য যে চরম ক্ষতির মুখে, তা বলা বাহুল্য। এমনই আরেক নেতিবাচক দিক হলো, দেশের ভাবমূর্তি। সারা বিশ্বের কাছে আমাদের ভাবমূর্তি এতে ক্ষতিগ্রস্ত হচ্ছে। অনেক আগে বাংলাদেশ সম্পর্কে মানুষের ধারণা ছিল এ দেশ হচ্ছে বন্যা, দারিদ্র্যকবলিত দেশ। কিন্তু গত কয়েক দশকে তৈরি পোশাকসহ শিল্পের নানা খাতে এবং সামাজিক নানা সূচকে বাংলাদেশ আশাতীত উন্নতি করেছে। এতে দেশের সুনাম বেড়েছে। কিন্তু বছরের পর বছর যদি দূষণের মাত্রা বাড়তেই থাকে, তাহলে উন্নতি ভাবমূর্তি নষ্ট হতে বাধ্য। এতে অন্য দেশের মানুষ আমাদের এখানে আসতে নিরুৎসাহিত হবে। দেশে বিনিয়োগ কমবে। এর নেতিবাচক প্রভাব পড়বে অর্থনীতিতে। তাই বায়ুদূষণকে নিছক পরিবেশগত ইস্যু হিসেবে দেখলে হবে না। এর সঙ্গে দেশের অর্থনৈতিক উন্নতির সরাসরি সম্পর্ক আছে।&lt;/div&gt;&lt;div&gt;প্রথম আলো: বাতাসের প্রতি ঘনমিটারে পিএম ২.৫–এর মাত্রা গত বছর ছিল ৭৬.৯। আগের বছর ছিল ৮৩.৩। কিছু উন্নতি কি লক্ষ করা গেল?&lt;/div&gt;&lt;div&gt;অধ্যাপক আবদুস সালাম: এটা মোটেও উন্নতির কোনো লক্ষণ নয়। বিশ্ব স্বাস্থ্য সংস্থার (ডব্লিউএইচও) নতুন মানদণ্ড অনুযায়ী, পিএমের মাত্রা ৫ হলে তা ক্ষতিকর নয় বলে বিবেচনা করা হয়। আগে আরও বেশি ছিল, কিন্তু এখন ৫ করা হয়েছে। যেভাবে এই মান নির্ণয় করা হয়, তা নিয়ে আমার প্রশ্ন আছে। কিন্তু তা যদি মেনেও নিই তাহলে এবার যে প্রায় ৭৭ হয়েছে, তা মানদণ্ডের চেয়ে ১৫ গুণের বেশি। তাহলে উন্নতি কোথায়। কয়েক বছর ধরে ৭০ থেকে ৯০–এর মধ্যে এটি ঘোরাফেরা করেছে। আমাদের উন্নতির কোনো লক্ষণ নেই।&lt;/div&gt;&lt;div&gt;প্রথম আলো: এবার রাজধানী শহরগুলোর মধ্যে সবচেয়ে দূষিত শহরের তালিকায় দ্বিতীয় অবস্থানে রয়েছে বাংলাদেশের রাজধানী ঢাকা। বায়ুদূষণ নিয়ন্ত্রণে নানামুখী উদ্যোগের কথা শোনা যায়। তাহলে সেগুলো কি ব্যর্থ হচ্ছে?&lt;/div&gt;&lt;div&gt;অধ্যাপক আবদুস সালাম: কোনো কার্যকর উদ্যোগ কি আদৌ আছে, আমার তো চোখে পড়ে না। এ নিয়ে নানা উদ্বেগ, উৎকণ্ঠার কথা শুনি। দিবস এলে এ নিয়ে বেশি কথা হয়। কিন্তু কার্যকর কোনো উদ্যোগ তো দেখি না।&lt;/div&gt;&lt;div&gt;প্রথম আলো: পরিবেশ অধিদপ্তরের হিসাব অনুযায়ী বায়ুদূষণের জন্য ইটভাটাগুলো ৫৮ ভাগ দায়ী। এগুলোকে নিয়ন্ত্রণ করতে সরকারি সংস্থাগুলোর অবস্থানকে আপনি কীভাবে ব্যাখ্যা করবেন?&lt;/div&gt;&lt;div&gt;&lt;br&gt;&lt;/div&gt;&lt;div&gt;অধ্যাপক আবদুস সালাম: ইটভাটাগুলো এতটা দায়ী বলে অধিদপ্তর যেভাবে বলে, এর সঙ্গে একমত নই। ঢাকার দূষণের প্রধান কারণ হলো নির্মাণকাজের সময় সৃষ্ট দূষণ। রাস্তাঘাট ও বাড়িঘর নির্মাণের সময় সৃষ্ট ধুলাবালু বিপজ্জনক মাত্রায় বেড়েছে। মেট্রোরেলের নির্মাণের সময় দূষণের পরিমাণ অনেকটা নিয়ন্ত্রণে এসেছে। কিন্তু এখন ৩০০ ফিট এবং যাত্রাবাড়ীর দিকে বড় যে রাস্তা হচ্ছে, সেগুলোর দূষণ অনিয়ন্ত্রিত। এ ছাড়া আছে যানবাহনের দূষণ। যানজট এ দূষণ আরও বাড়িয়ে তোলে। রাজধানীতে বর্জ্য ব্যবস্থাপনার হাল করুন। সেটা দূষণের একটি বড় কারণ। বেশির ভাগ বর্জ্য উন্মুক্ত স্থানে পড়ে থাকে। নির্মাণকাজের সময় সৃষ্ট ধুলার মধ্যে বড় কণাগুলোর চেয়ে ক্ষুদ্র কণা অনেক বেশি ক্ষতিকর। এই ক্ষুদ্র কণার মধ্যে সিলিকন একটি বড় অংশ। এর সঙ্গে যানবাহনের দূষিত পদার্থগুলো মিলে রাসায়নিকভাবে মারাত্মক ক্ষতিকর দ্রব্য তৈরি হচ্ছে। এটি শুধু শিশু স্বাস্থ্য নয়, যেকোনো বয়সী মানুষের জন্য ভয়াবহ শারীরিক সমস্যা তৈরি করছে। আমাদের যেসব অসুখ এখন হচ্ছে, এর মধ্যে শ্বাসনালির অসুখ বেশি। বায়ুদূষণের কারণে এসব হচ্ছে।&lt;/div&gt;&lt;div&gt;&lt;br&gt;&lt;/div&gt;', 'uploads/post/1648010550623aa5360347f.jpg', 1, '2022-03-22 23:40:25', '2022-03-23 00:43:58'),
(2, 1, 5, 'বিমানবন্দরের স্ক্যানার নষ্ট, ফল-সবজির কী হবে', 'বিমানবন্দরের-স্ক্যানার-নষ্ট-ফল-সবজির-কী-হবে', '&lt;div&gt;বিমানবন্দর কর্তৃপক্ষ ও ব্যবসায়ীরা বলছেন, বিমানবন্দরের কার্গো ভিলেজের দুটি এক্সপ্লোসিভ ডিটেকশন স্ক্যানার (ইডিএস) যন্ত্র নষ্ট হয়ে আছে। এর মধ্যে একটি দুই বছর ধরে নষ্ট। আরেকটি ইডিএস যন্ত্র দুই থেকে তিন মাস পরপরই নষ্ট হয়ে যায়। ইডিএস যন্ত্র নষ্ট হলেই বিপদে পড়তে হয় ব্যবসায়ী ও কৃষকদের। প্রতিবার নষ্ট হলে মেরামত করতে অন্তত দুই সপ্তাহ সময় লাগে। তাঁরা বলছেন, ১০ মার্চ থেকে বিমানবন্দরে একমাত্র সচল ইডিএস যন্ত্রটি নষ্ট হওয়ায় যুক্তরাজ্য ও ইউরোপের দেশগুলোতে কোনো কৃষিপণ্য পাঠানো যাচ্ছে না। অথচ কৃষিপণ্য রপ্তানির বড় বাজারটি যুক্তরাজ্য ও ইউরোপীয় ইউনিয়নের দেশগুলোকে&lt;/div&gt;&lt;div&gt;&lt;br&gt;&lt;/div&gt;&lt;div&gt;বেসামরিক বিমান চলাচল কর্তৃপক্ষ (বেবিচক) বলছে, শাহজালাল বিমানবন্দরে কার্গো ভিলেজে দুটি এরিয়া রয়েছে। আরএথ্রি ও নন-আরএথ্রি। এর মধ্যে আরএথ্রি জায়গাটি ইউরোপীয় দেশগুলোতে পণ্য পাঠানোর জন্য। সেখানে আছে চারটি ইডিএস ও দুটি এক্স-রে স্ক্যানার যন্ত্র। এর মধ্যে দুটি ইডিএস এখন বিকল। বাকি দুটি ইডিএস নতুন বসানো হয়েছে গত বছর। তবে যুক্তরাজ্য কর্তৃপক্ষ দ্বারা স্বীকৃত নয় বলে সেগুলো চালু হয়নি। আবার ইউকে অ্যাভিয়েশন রেগুলেশন অনুযায়ী, ইডিএস যন্ত্রে স্ক্যানিং ছাড়া অন্য কোনো যন্ত্রে স্ক্যান করা কৃষিপণ্য দেশটি ঢুকতে দেওয়া হয় না।&lt;/div&gt;&lt;div&gt;&lt;br&gt;&lt;/div&gt;&lt;div&gt;শাহজালাল আন্তর্জাতিক বিমানবন্দরের নির্বাহী পরিচালক গ্রুপ ক্যাপ্টেন এ এইচ এম তৌহিদ-উল আহসান প্রথম আলোকে বলেন, রপ্তানি কার্গো কমপ্লেক্সের একটি ইডিএস স্ক্যানার যন্ত্র নষ্ট হয়েছে। এ কারণে যুক্তরাজ্যসহ ইউরোপীয় ইউনিয়নের দেশগুলোতে পণ্য পাঠানো সম্ভব হচ্ছে না। তবে অন্যান্য দেশে পণ্য পাঠানো যাচ্ছে। স্ক্যানার যন্ত্রটি মেরামতের জন্য যন্ত্রাংশ প্রয়োজন। যন্ত্রাংশ এলেই আবার সচল হবে।&lt;/div&gt;&lt;div&gt;&lt;br&gt;&lt;/div&gt;&lt;div&gt;প্রায়ই নষ্ট হয় স্ক্যানার&lt;/div&gt;&lt;div&gt;শাহজালাল বিমানবন্দরের কার্গো ভিলেজে প্রায়ই স্ক্যানার নষ্ট হওয়ার ঘটনা ঘটে। এ নিয়ে ব্যবসায়ীদের ক্ষোভ দীর্ঘদিনের। গত বছরের সেপ্টেম্বরের শেষের দিকে দুটি ইডিএস স্ক্যানার নষ্ট হয়। সে সময় কার্গো ভিলেজে ব্যাপক পণ্যজট হয়। সে সময় দীর্ঘায়িত হয় বিমানবন্দরের রপ্তানি প্রক্রিয়া। গত বছরের ২৯ সেপ্টেম্বর বিমানবন্দরে আকস্মিক পরিদর্শনে গিয়ে এ নিয়ে ক্ষোভ জানিয়েছিলেন প্রধানমন্ত্রীর বেসরকারি শিল্প ও বিনিয়োগ উপদেষ্টা সালমান এফ রহমান। তিনি এ ক্ষেত্রে সংশ্লিষ্ট ব্যক্তিদের গাফিলতি রয়েছে বলে গণমাধ্যমকর্মীদের কাছে অভিযোগ করেন।&lt;/div&gt;&lt;div&gt;&lt;br&gt;&lt;/div&gt;&lt;div&gt;যুক্তরাজ্যসহ বিশ্বের বিভিন্ন দেশে কৃষিপণ্য বাংলাদেশ থেকে পাঠানো হয়ে থাকে। যেসব ব্যবসায়ী ফল ও সবজি রপ্তানি করেন তাঁরা বলছেন, প্রায় সময়ই এই ইডিএস স্ক্যানার যন্ত্র নষ্ট হয় বলে তাঁদের পচনশীল কৃষিপণ্য নিয়ে বিপদে পড়তে হয়। যুক্তরাজ্যে সময়মতো পণ্য পাঠাতে না পেরে হয় পণ্য পচে যায়, নয়তো অনেক কম দামে বিক্রি করে দিতে হয়।&lt;/div&gt;&lt;div&gt;&lt;br&gt;&lt;/div&gt;&lt;div&gt;এ-সংক্রান্ত ব্যবসায়ীদের সংগঠন হচ্ছে বাংলাদেশ ফুড ভেজিটেবলস অ্যান্ড অ্যালাইড প্রোডাক্ট এক্সপোর্ট অ্যাসোসিয়েশন (বিএফভিএপিইএ)। সমিতির সদস্যসংখ্যা ২০০। বিএফভিএপিইএর হিসাবে, বাংলাদেশ থেকে দৈনিক ১২০ টন মালামাল বিশ্বের বিভিন্ন দেশে যায়। এর মধ্যে ৮০ শতাংশ যায় যুক্তরাজ্যে। প্রতি কেজি পণ্য পাঠিয়ে তাঁরা গড়ে চার ডলার আয় করেন। এই হিসাবে তাঁদের অনুমান, গত ১২ দিনে তাঁরা ৪৪ কোটি ৯৫ লাখ টাকা মূল্যের কৃষিপণ্য রপ্তানি করতে পারেননি।&lt;/div&gt;&lt;div&gt;&lt;br&gt;&lt;/div&gt;&lt;div&gt;যুক্তরাজ্যে লাউ, চালকুমড়া, পটোল, শিম, পেঁপেসহ বিভিন্ন ফল ও সবজি রপ্তানি করে থাকেন লি এন্টারপ্রাইজের স্বত্বাধিকারী মো. আবুল হোসাইন। তিনি বলেন, ‘কৃষকের কাছ থেকে পণ্য নিয়ে বিমানবন্দরে নিয়ে এসেছি ১০ মার্চ। এসে শুনি স্ক্যানার নষ্ট। তাই পণ্য পাঠানো যাবে না। পরে ওই পণ্য বাজারে তিন ভাগের এক ভাগ দামে বিক্রি করে দিয়েছি।’&lt;/div&gt;&lt;div&gt;&lt;br&gt;&lt;/div&gt;&lt;div&gt;বিএফভিএপিইএর হিসাবে, ২০১৯-২০ অর্থবছরে বাংলাদেশ থেকে ১ হাজার ৪১৯ কোটি টাকা মূল্যের ৮২ হাজার ৫১০ মেট্রিক টন ফল ও সবজি রপ্তানি করা হয়েছে। আর সর্বশেষ ২০২০-২১ অর্থবছরে বাংলাদেশ থেকে ১ হাজার ২৯ কোটি টাকা মূল্যের ফল ও সবজি বাংলাদেশ রপ্তানি করা গেছে।&lt;/div&gt;&lt;div&gt;&lt;br&gt;&lt;/div&gt;&lt;div&gt;ব্যবসায়ীরা বলছেন, পণ্য স্ক্যানিংয়ের জন্য বেসামরিক বিমান চলাচল কর্তৃপক্ষ (বেবিচক) প্রতি কেজিতে ছয় সেন্ট করে চার্জ আদায় করে। আর এই টাকা দিয়েই অনায়াসে নতুন স্ক্যানার যন্ত্র কেনা সম্ভব।&lt;/div&gt;&lt;div&gt;&lt;br&gt;&lt;/div&gt;&lt;div&gt;বিএফভিএপিইএ সাধারণ সম্পাদক মনসুর আহমেদ প্রথম আলোকে বলেন, বেবিচক এক কেজি পণ্য রপ্তানিতে স্ক্যানিংয়ের জন্য ছয় সেন্ট করে মাশুল নেয়। এক সপ্তাহের মাশুলের পয়সা দিয়ে এ রকম চারটি স্ক্যানার যন্ত্র কেনা যায়। কিন্তু বেবিচক কোনো উদ্যোগই নেয় না। একটি যন্ত্র দুই বছর ধরে নষ্ট। আরেকটি কয়েক দিন পরপর নষ্ট হয়। বাকি দুটি স্থাপন করা হলেও সচল করা হয়নি।&lt;/div&gt;&lt;div&gt;&lt;br&gt;&lt;/div&gt;&lt;div&gt;মনসুর আহমেদ বলেন, এভাবে ব্যবসা করা যায় না। যুক্তরাজ্যে মানুষ তো আর অপেক্ষায় থাকবে না। ওই বাজারে ভারত, শ্রীলঙ্কা, থাইল্যান্ড, মালয়েশিয়ার পণ্য ঢুকবে। তখন আমাদের কিছুই করার থাকবে না। বেবিচককে চিঠি দিয়েও কোনো লাভ হয়নি।&lt;/div&gt;&lt;div&gt;&lt;br&gt;&lt;/div&gt;&lt;div&gt;বেবিচক সূত্রে জানা গেছে, দেশের সব বিমানবন্দরের নিরাপত্তাসহ বিভিন্ন যন্ত্রপাতি কেনা ও সরবরাহ করে থাকে বেবিচকের সেন্ট্রাল প্রকিউরমেন্ট, ইঞ্জিনিয়ারিং অ্যান্ড স্টোর ইউনিটের (সেমসু)। বিভিন্ন দপ্তরের চাহিদার ভিত্তিতে সেমসু ঠিকাদারি প্রতিষ্ঠানের মাধ্যমে এসব প্রয়োজনীয় যন্ত্রপাতি কেনে। বেবিচকের এক ঊর্ধ্বতন কর্মকর্তা নাম প্রকাশ না করার শর্তে প্রথম আলোকে বলেন, ‘এসব বিমানবন্দরে কোনো প্রয়োজনীয় যন্ত্রপাতি নষ্ট হলে সেমসু ও বিমানবন্দর কর্তৃপক্ষের চিঠি চালাচালিতে সময়ক্ষেপণ হয়।’&lt;/div&gt;&lt;div&gt;&lt;br&gt;&lt;/div&gt;&lt;div&gt;এ বিষয়ে শাহজালাল বিমানবন্দরের নির্বাহী পরিচালক বলেন, ইডিএস যন্ত্র মেরামতের কাজ চলমান আছে। যন্ত্রাংশ আমদানি করে স্ক্যানার মেরামত করতে আরও দুই সপ্তাহের মতো লাগতে পারে।&lt;/div&gt;&lt;div&gt;&lt;br&gt;&lt;/div&gt;', 'uploads/post/1648010820623aa6442c0cb.jpg', 1, '2022-03-22 23:47:00', '2022-03-23 00:44:26');

-- --------------------------------------------------------

--
-- Table structure for table `post_tag`
--

CREATE TABLE `post_tag` (
  `id` int(11) NOT NULL,
  `post_id` int(11) NOT NULL,
  `tag_id` int(11) NOT NULL
) ENGINE=InnoDB DEFAULT CHARSET=utf8 COLLATE=utf8_unicode_ci;

--
-- Dumping data for table `post_tag`
--

INSERT INTO `post_tag` (`id`, `post_id`, `tag_id`) VALUES
(1, 1, 4),
(3, 1, 7),
(2, 1, 8),
(4, 2, 8),
(5, 2, 9),
(6, 2, 10);

-- --------------------------------------------------------

--
-- Table structure for table `tag`
--

CREATE TABLE `tag` (
  `id` int(11) NOT NULL,
  `name` varchar(255) COLLATE utf8_unicode_ci NOT NULL,
  `slug` varchar(255) COLLATE utf8_unicode_ci NOT NULL
) ENGINE=InnoDB DEFAULT CHARSET=utf8 COLLATE=utf8_unicode_ci;

--
-- Dumping data for table `tag`
--

INSERT INTO `tag` (`id`, `name`, `slug`) VALUES
(3, 'মতামত', 'মতামত'),
(4, 'পরিবেশ দূষণ', 'পরিবেশ-দূষণ'),
(5, 'রাজধানী', 'রাজধানী'),
(6, 'পরিবেশ', 'পরিবেশ'),
(7, 'সাক্ষাৎকার', 'সাক্ষাৎকার'),
(8, 'বিশেষ সংবাদ', 'বিশেষ-সংবাদ'),
(9, 'বিমানবন্দর', 'বিমানবন্দর'),
(10, 'রপ্তানি', 'রপ্তানি');

--
-- Indexes for dumped tables
--

--
-- Indexes for table `admin`
--
ALTER TABLE `admin`
  ADD PRIMARY KEY (`id`);

--
-- Indexes for table `category`
--
ALTER TABLE `category`
  ADD PRIMARY KEY (`id`);

--
-- Indexes for table `posts`
--
ALTER TABLE `posts`
  ADD PRIMARY KEY (`id`),
  ADD KEY `userIdCategoryIdIndex` (`admin_id`,`category_id`),
  ADD KEY `category_id` (`category_id`);

--
-- Indexes for table `post_tag`
--
ALTER TABLE `post_tag`
  ADD PRIMARY KEY (`id`),
  ADD KEY `postIdTagIdIndex` (`post_id`,`tag_id`),
  ADD KEY `tag_id` (`tag_id`);

--
-- Indexes for table `tag`
--
ALTER TABLE `tag`
  ADD PRIMARY KEY (`id`);

--
-- AUTO_INCREMENT for dumped tables
--

--
-- AUTO_INCREMENT for table `admin`
--
ALTER TABLE `admin`
  MODIFY `id` int(11) NOT NULL AUTO_INCREMENT, AUTO_INCREMENT=2;

--
-- AUTO_INCREMENT for table `category`
--
ALTER TABLE `category`
  MODIFY `id` int(11) NOT NULL AUTO_INCREMENT, AUTO_INCREMENT=16;

--
-- AUTO_INCREMENT for table `posts`
--
ALTER TABLE `posts`
  MODIFY `id` int(11) NOT NULL AUTO_INCREMENT, AUTO_INCREMENT=3;

--
-- AUTO_INCREMENT for table `post_tag`
--
ALTER TABLE `post_tag`
  MODIFY `id` int(11) NOT NULL AUTO_INCREMENT, AUTO_INCREMENT=7;

--
-- AUTO_INCREMENT for table `tag`
--
ALTER TABLE `tag`
  MODIFY `id` int(11) NOT NULL AUTO_INCREMENT, AUTO_INCREMENT=11;

--
-- Constraints for dumped tables
--

--
-- Constraints for table `posts`
--
ALTER TABLE `posts`
  ADD CONSTRAINT `posts_ibfk_1` FOREIGN KEY (`admin_id`) REFERENCES `admin` (`id`) ON DELETE CASCADE,
  ADD CONSTRAINT `posts_ibfk_2` FOREIGN KEY (`category_id`) REFERENCES `category` (`id`) ON DELETE CASCADE;

--
-- Constraints for table `post_tag`
--
ALTER TABLE `post_tag`
  ADD CONSTRAINT `post_tag_ibfk_1` FOREIGN KEY (`post_id`) REFERENCES `posts` (`id`) ON DELETE CASCADE,
  ADD CONSTRAINT `post_tag_ibfk_2` FOREIGN KEY (`tag_id`) REFERENCES `tag` (`id`) ON DELETE CASCADE;
COMMIT;

/*!40101 SET CHARACTER_SET_CLIENT=@OLD_CHARACTER_SET_CLIENT */;
/*!40101 SET CHARACTER_SET_RESULTS=@OLD_CHARACTER_SET_RESULTS */;
/*!40101 SET COLLATION_CONNECTION=@OLD_COLLATION_CONNECTION */;
